row_id,tomo_id,Motor axis 0,Motor axis 1,Motor axis 2,Array shape (axis 0),Array shape (axis 1),Array shape (axis 2),Voxel spacing,Number of motors
0,tomo_003acc,-1.0,-0.06694560669456066,-0.06930157011369789,500,1912,1847,6.5,0
1,tomo_00e047,169.0,72.87591240875912,83.17241379310344,300,959,928,15.6,1
2,tomo_00e463,235.0,55.82683982683983,18.343096234309623,500,924,956,19.7,6
3,tomo_00e463,243.0,50.285714285714285,20.485355648535563,500,924,956,19.7,6
4,tomo_00e463,222.0,52.502164502164504,19.28033472803347,500,924,956,19.7,6
5,tomo_00e463,225.0,36.294372294372295,84.0836820083682,500,924,956,19.7,6
6,tomo_00e463,225.0,33.38528138528139,86.09205020920501,500,924,956,19.7,6
7,tomo_00e463,231.0,40.03463203463203,84.61924686192468,500,924,956,19.7,6
8,tomo_01a877,147.0,85.06666666666666,39.44827586206897,300,960,928,13.1,1
9,tomo_02862f,101.0,46.848800834202294,16.551724137931036,300,959,928,15.6,1
10,tomo_0308c5,-1.0,-0.13333333333333333,-0.13793103448275862,300,960,928,15.6,0
11,tomo_0333fa,-1.0,-0.13333333333333333,-0.13793103448275862,300,960,928,16.8,0
12,tomo_033ebe,88.0,94.8,42.48275862068965,300,960,928,13.1,1
13,tomo_03437b,138.0,115.32012513034411,85.51724137931035,300,959,928,15.6,1
14,tomo_0363f2,50.0,76.53333333333333,54.06896551724138,300,960,928,13.1,1
15,tomo_040b80,-1.0,-0.13793103448275862,-0.13333333333333333,600,928,960,16.1,0
16,tomo_049310,-1.0,-0.13852813852813853,-0.13389121338912133,500,924,956,19.7,0
17,tomo_04d42b,-1.0,-0.125,-0.08888888888888889,500,1024,1440,13.3,0
18,tomo_05b39c,-1.0,-0.13793103448275862,-0.13333333333333333,800,928,960,13.1,0
19,tomo_05df8a,130.0,35.44827586206897,105.10344827586206,300,928,928,15.6,1
20,tomo_05f919,121.0,62.86548488008342,116.55172413793103,300,959,928,15.6,1
21,tomo_066095,-1.0,-0.13333333333333333,-0.13793103448275862,300,960,928,15.6,0
22,tomo_06e11e,-1.0,-0.13333333333333333,-0.13793103448275862,300,960,928,15.6,0
23,tomo_072a16,-1.0,-0.13333333333333333,-0.13793103448275862,300,960,928,16.8,0
24,tomo_081a2d,152.0,41.910323253388945,89.79310344827586,300,959,928,15.6,1
25,tomo_08446f,235.0,102.5108225108225,7.230125523012552,500,924,956,19.7,2
26,tomo_08446f,246.0,107.77489177489177,6.02510460251046,500,924,956,19.7,2
27,tomo_087d64,-1.0,-0.13807982740021574,-0.1334723670490094,800,927,959,13.1,0
28,tomo_08a6d6,-1.0,-0.13793103448275862,-0.13333333333333333,800,928,960,13.1,0
29,tomo_08bf73,-1.0,-0.13793103448275862,-0.13333333333333333,800,928,960,16.1,0
30,tomo_098751,-1.0,-0.13852813852813853,-0.13389121338912133,500,924,956,16.1,0
31,tomo_0a180f,-1.0,-0.13793103448275862,-0.13333333333333333,800,928,960,13.1,0
32,tomo_0a8f05,52.0,80.9655172413793,79.3103448275862,300,928,928,13.1,1
33,tomo_0c2749,-1.0,-0.13333333333333333,-0.13793103448275862,300,960,928,15.6,0
34,tomo_0c3a99,125.0,86.08967674661106,31.310344827586206,300,959,928,15.6,1
35,tomo_0c3d78,-1.0,-0.13793103448275862,-0.13333333333333333,800,928,960,13.1,0
36,tomo_0d4c9e,-1.0,-0.13333333333333333,-0.13793103448275862,300,960,928,15.6,0
37,tomo_0da370,28.0,49.10344827586207,87.72413793103448,300,928,928,13.1,1
38,tomo_0de3ee,131.0,19.17241379310345,43.46666666666667,500,928,960,13.1,2
39,tomo_0de3ee,203.0,88.55172413793103,106.8,500,928,960,13.1,2
40,tomo_0e9757,-1.0,-0.13333333333333333,-0.13793103448275862,300,960,928,16.8,0
41,tomo_0eb41e,-1.0,-0.13333333333333333,-0.13793103448275862,300,960,928,16.8,0
42,tomo_0eb994,161.0,111.44942648592284,86.89655172413794,300,959,928,15.6,1
43,tomo_0f9df0,94.0,23.2,82.62068965517241,300,960,928,15.6,1
44,tomo_0fab19,159.0,68.87174139728884,93.93103448275862,300,959,928,15.6,1
45,tomo_0fe63f,197.0,48.266666666666666,36.55172413793103,300,960,928,13.1,1
46,tomo_101279,161.0,40.689655172413794,80.6896551724138,300,928,928,13.1,1
47,tomo_10a3bd,-1.0,-0.125,-0.08888888888888889,500,1024,1440,13.3,0
48,tomo_10c564,16.0,60.666666666666664,36.82758620689655,300,960,928,13.1,1
49,tomo_122a02,127.0,107.84567257559958,19.310344827586206,300,959,928,15.6,1
50,tomo_122c46,-1.0,-0.13333333333333333,-0.13793103448275862,300,960,928,16.8,0
51,tomo_12f896,95.0,53.86666666666667,29.241379310344826,300,960,928,13.1,1
52,tomo_13484c,153.0,105.93103448275862,90.75862068965517,300,928,928,15.6,1
53,tomo_134bb0,55.0,33.63503649635037,23.862068965517242,300,959,928,15.6,1
54,tomo_136c8d,-1.0,-0.13852813852813853,-0.13389121338912133,500,924,956,19.7,0
55,tomo_138018,144.0,31.099061522419188,62.758620689655174,300,959,928,15.6,1
56,tomo_13973d,234.0,30.614718614718615,108.18410041841003,500,924,956,19.7,1
57,tomo_139d9e,153.0,81.55161626694473,23.724137931034484,300,959,928,15.6,1
58,tomo_1446aa,149.0,39.06666666666666,82.89655172413794,300,960,928,13.1,1
59,tomo_146de2,-1.0,-0.13852813852813853,-0.13389121338912133,500,924,956,16.1,0
60,tomo_16136a,141.0,75.46666666666667,61.10344827586207,300,960,928,16.8,1
61,tomo_161683,186.0,20.0,51.03448275862069,300,928,928,15.6,1
62,tomo_16efa8,183.0,50.53333333333333,103.72413793103448,300,960,928,13.1,1
63,tomo_16fce8,-1.0,-0.13333333333333333,-0.13793103448275862,300,960,928,15.6,0
64,tomo_17143f,-1.0,-0.13333333333333333,-0.13793103448275862,300,960,928,15.6,0
65,tomo_172f08,-1.0,-0.13793103448275862,-0.13333333333333333,800,928,960,13.1,0
66,tomo_180bfd,-1.0,-0.13333333333333333,-0.13793103448275862,300,960,928,16.8,0
67,tomo_183270,-1.0,-0.13793103448275862,-0.13333333333333333,800,928,960,13.1,0
68,tomo_191bcb,149.0,55.6,68.9655172413793,300,960,928,13.1,1
69,tomo_19a313,67.0,79.73333333333333,41.37931034482759,300,960,928,13.1,1
70,tomo_19a4fd,175.0,77.73333333333333,64.55172413793103,300,960,928,16.8,1
71,tomo_1ab322,68.0,77.33333333333333,80.41379310344827,300,960,928,15.6,1
72,tomo_1af88d,24.0,40.8,85.37931034482759,300,960,928,13.1,1
73,tomo_1b82d1,223.0,99.18614718614718,90.64435146443513,500,924,956,19.7,4
74,tomo_1b82d1,210.0,102.23376623376623,89.30543933054392,500,924,956,19.7,4
75,tomo_1b82d1,222.0,121.62770562770562,62.92887029288703,500,924,956,19.7,4
76,tomo_1b82d1,208.0,96.55411255411255,91.0460251046025,500,924,956,19.7,4
77,tomo_1c2534,-1.0,-0.13807982740021574,-0.1334723670490094,800,927,959,13.1,0
78,tomo_1c38fd,103.0,89.06666666666666,38.758620689655174,300,960,928,15.6,1
79,tomo_1c75ac,-1.0,-0.13333333333333333,-0.13793103448275862,300,960,928,15.6,0
80,tomo_1cc887,143.0,92.0,26.482758620689655,300,928,928,15.6,1
81,tomo_1da097,34.0,79.86206896551724,55.86666666666667,500,928,960,13.1,2
82,tomo_1da097,37.0,89.93103448275862,64.4,500,928,960,13.1,2
83,tomo_1da0da,-1.0,-0.13793103448275862,-0.13333333333333333,800,928,960,13.1,0
84,tomo_1dc5f9,-1.0,-0.13852813852813853,-0.13389121338912133,500,924,956,19.7,0
85,tomo_1e9980,-1.0,-0.13333333333333333,-0.13793103448275862,300,960,928,16.8,0
86,tomo_1efc28,123.0,84.88842544316996,24.137931034482758,300,959,928,15.6,1
87,tomo_1f0e78,112.0,106.37747653806048,36.41379310344828,300,959,928,15.6,1
88,tomo_1fb6a7,-1.0,-0.13333333333333333,-0.13793103448275862,300,960,928,16.8,0
89,tomo_20a9ed,185.0,42.53333333333333,77.24137931034483,300,960,928,13.1,1
90,tomo_210371,263.0,77.86666666666666,82.06896551724138,300,960,928,15.6,1
91,tomo_221a47,166.0,43.2,77.6551724137931,300,960,928,13.1,1
92,tomo_221c8e,-1.0,-0.13793103448275862,-0.13793103448275862,500,928,928,16.8,0
93,tomo_225d8f,61.0,64.4,68.55172413793103,300,960,928,13.1,1
94,tomo_226cd8,365.0,72.82758620689656,80.93333333333334,500,928,960,13.1,10
95,tomo_226cd8,312.0,18.75862068965517,13.2,500,928,960,13.1,10
96,tomo_226cd8,299.0,31.310344827586206,9.333333333333334,500,928,960,13.1,10
97,tomo_226cd8,332.0,76.13793103448276,7.733333333333333,500,928,960,13.1,10
98,tomo_226cd8,355.0,90.48275862068965,22.0,500,928,960,13.1,10
99,tomo_226cd8,366.0,95.58620689655173,35.86666666666667,500,928,960,13.1,10
100,tomo_226cd8,386.0,95.58620689655173,42.53333333333333,500,928,960,13.1,10
101,tomo_226cd8,388.0,92.55172413793103,57.733333333333334,500,928,960,13.1,10
102,tomo_226cd8,411.0,43.86206896551724,98.66666666666667,500,928,960,13.1,10
103,tomo_226cd8,354.0,38.206896551724135,100.8,500,928,960,13.1,10
104,tomo_22976c,-1.0,-0.13793103448275862,-0.13333333333333333,500,928,960,13.1,0
105,tomo_229f0a,-1.0,-0.13333333333333333,-0.13793103448275862,500,960,928,16.8,0
106,tomo_23a8e8,132.0,91.46666666666667,49.10344827586207,300,960,928,15.6,1
107,tomo_23c8a4,-1.0,-0.13333333333333333,-0.13793103448275862,300,960,928,16.8,0
108,tomo_23ce49,152.0,33.10114702815433,73.37931034482759,300,959,928,15.6,1
109,tomo_247826,-1.0,-0.13333333333333333,-0.13793103448275862,500,960,928,16.8,0
110,tomo_24795a,144.0,93.6,96.9655172413793,300,960,928,15.6,1
111,tomo_2483bb,145.0,82.66666666666667,66.62068965517241,300,960,928,15.6,1
112,tomo_24a095,-1.0,-0.13793103448275862,-0.13333333333333333,800,928,960,13.1,0
113,tomo_24fda8,-1.0,-0.13333333333333333,-0.13793103448275862,300,960,928,15.6,0
114,tomo_256717,172.0,106.20689655172414,70.89655172413794,300,928,928,15.6,1
115,tomo_25780f,147.0,105.6,90.75862068965517,300,960,928,13.1,1
116,tomo_2645a0,-1.0,-0.13333333333333333,-0.13793103448275862,300,960,928,16.8,0
117,tomo_278194,-1.0,-0.13333333333333333,-0.13793103448275862,300,960,928,19.2,0
118,tomo_285454,-1.0,-0.13389121338912133,-0.13852813852813853,300,956,924,16.1,0
119,tomo_285d15,137.0,52.13333333333333,84.27586206896552,300,960,928,13.1,1
120,tomo_288d4f,-1.0,-0.13333333333333333,-0.13793103448275862,300,960,928,16.8,0
121,tomo_28f9c1,-1.0,-0.13852813852813853,-0.13389121338912133,500,924,956,16.1,0
122,tomo_2a6091,185.0,65.6,87.58620689655173,300,960,928,13.1,1
123,tomo_2a6ca2,32.0,70.4,47.86206896551724,300,960,928,13.1,1
124,tomo_2a89bb,-1.0,-0.13793103448275862,-0.13333333333333333,800,928,960,16.1,0
125,tomo_2acf68,135.0,44.93333333333333,93.6551724137931,300,960,928,13.1,1
126,tomo_2aeb29,-1.0,-0.13807982740021574,-0.1334723670490094,800,927,959,13.1,0
127,tomo_2b3cdf,134.0,23.066666666666666,91.3103448275862,300,960,928,13.1,2
128,tomo_2b996c,-1.0,-0.13333333333333333,-0.13793103448275862,300,960,928,16.8,0
129,tomo_2bb588,97.0,94.53333333333333,84.27586206896552,300,960,928,13.1,1
130,tomo_2c607f,108.0,46.53333333333333,72.6896551724138,300,960,928,13.1,1
131,tomo_2c8ea2,85.0,23.49113660062565,54.48275862068965,300,959,928,15.6,1
132,tomo_2c9da1,207.0,34.4,85.10344827586206,300,960,928,13.1,1
133,tomo_2c9f35,-1.0,-0.13333333333333333,-0.13793103448275862,300,960,928,16.8,0
134,tomo_2cace2,-1.0,-0.13333333333333333,-0.13793103448275862,300,960,928,16.8,0
135,tomo_2daaee,185.0,82.56277056277057,115.14644351464435,500,924,956,19.7,4
136,tomo_2daaee,210.0,83.94805194805195,113.67364016736401,500,924,956,19.7,4
137,tomo_2daaee,263.0,22.58008658008658,100.68619246861924,500,924,956,19.7,4
138,tomo_2daaee,193.0,78.4069264069264,114.74476987447697,500,924,956,19.7,4
139,tomo_2dcd5c,125.0,55.199999999999996,71.58620689655173,300,960,928,13.1,1
140,tomo_2dd6bd,-1.0,-0.13793103448275862,-0.13793103448275862,300,928,928,16.8,0
141,tomo_2e1f4c,73.0,11.478623566214807,46.06896551724138,300,959,928,15.6,1
142,tomo_2f3261,143.0,61.06666666666666,95.86206896551724,300,960,928,13.1,1
143,tomo_2fb12d,-1.0,-0.13333333333333333,-0.13793103448275862,300,960,928,16.8,0
144,tomo_2fc82d,-1.0,-0.13333333333333333,-0.13793103448275862,300,960,928,16.8,0
145,tomo_305c97,65.0,91.2,56.55172413793103,300,960,928,15.6,1
146,tomo_307f33,-1.0,-0.13793103448275862,-0.13333333333333333,800,928,960,16.1,0
147,tomo_30b580,142.0,54.06896551724138,79.3103448275862,300,928,928,13.1,1
148,tomo_30d4e5,175.0,94.23149113660062,31.448275862068964,300,959,928,15.6,1
149,tomo_317656,97.0,54.53333333333333,104.55172413793103,300,960,928,13.1,1
150,tomo_3183d2,168.0,18.152241918665275,65.51724137931035,300,959,928,15.6,1
151,tomo_319f79,195.0,33.51724137931034,50.666666666666664,500,928,960,13.1,1
152,tomo_3264bc,-1.0,-0.13793103448275862,-0.13793103448275862,300,928,928,16.8,0
153,tomo_32aaa7,156.0,70.13333333333333,88.41379310344827,300,960,928,13.1,1
154,tomo_331130,106.0,73.73333333333333,44.55172413793103,300,960,928,13.1,1
155,tomo_35ec84,-1.0,-0.13793103448275862,-0.13333333333333333,800,928,960,16.1,0
156,tomo_369cce,95.0,48.13333333333333,36.96551724137931,300,960,928,13.1,1
157,tomo_37076e,131.0,50.53333333333333,41.10344827586207,300,960,928,13.1,1
158,tomo_372690,-1.0,-0.13793103448275862,-0.13333333333333333,800,928,960,13.1,0
159,tomo_372a5c,179.0,97.43482794577686,56.0,300,959,928,15.6,1
160,tomo_374ca7,-1.0,-0.13793103448275862,-0.13333333333333333,800,928,960,13.1,0
161,tomo_375513,204.0,76.93333333333334,31.448275862068964,300,960,928,13.1,1
162,tomo_378f43,166.0,101.73333333333333,72.55172413793103,300,960,928,13.1,1
163,tomo_37c426,-1.0,-0.13333333333333333,-0.13793103448275862,600,960,928,15.6,0
164,tomo_37dd38,200.0,44.467532467532465,80.60251046025104,500,924,956,19.7,3
165,tomo_37dd38,162.0,13.852813852813853,88.63598326359832,500,924,956,19.7,3
166,tomo_37dd38,184.0,41.97402597402598,79.39748953974895,500,924,956,19.7,3
167,tomo_381add,219.0,86.58008658008659,115.41422594142259,500,924,956,19.7,2
168,tomo_381add,209.0,82.56277056277057,116.61924686192468,500,924,956,19.7,2
169,tomo_385eb6,-1.0,-0.13333333333333333,-0.13793103448275862,300,960,928,16.8,0
170,tomo_38c2a6,251.0,91.6,27.586206896551722,300,960,928,13.1,1
171,tomo_38d285,-1.0,-0.13793103448275862,-0.13333333333333333,800,928,960,13.1,0
172,tomo_399bd9,126.0,70.20689655172414,50.48275862068965,300,928,928,13.1,1
173,tomo_39b15b,-1.0,-0.13852813852813853,-0.13389121338912133,500,924,956,16.1,0
174,tomo_3a0914,-1.0,-0.13793103448275862,-0.13333333333333333,800,928,960,16.1,0
175,tomo_3a3519,-1.0,-0.13333333333333333,-0.13793103448275862,300,960,928,15.6,0
176,tomo_3a6a9d,-1.0,-0.125,-0.08888888888888889,500,1024,1440,13.3,0
177,tomo_3a8480,223.0,63.722943722943725,119.9665271966527,500,924,956,19.7,2
178,tomo_3a8480,212.0,66.77056277056278,116.7531380753138,500,924,956,19.7,2
179,tomo_3b1cc9,-1.0,-0.13333333333333333,-0.13793103448275862,300,960,928,13.1,0
180,tomo_3b7a22,-1.0,-0.13793103448275862,-0.13333333333333333,800,928,960,13.1,0
181,tomo_3b8291,-1.0,-0.13852813852813853,-0.13389121338912133,500,924,956,19.7,0
182,tomo_3b83c7,162.0,24.133333333333333,84.55172413793103,300,960,928,13.1,1
183,tomo_3c6038,99.0,43.245046923879045,21.517241379310345,300,959,928,15.6,1
184,tomo_3e6ead,-1.0,-0.13333333333333333,-0.13793103448275862,300,960,928,16.8,0
185,tomo_3e7407,265.0,48.34632034632035,98.54393305439329,500,924,956,19.7,4
186,tomo_3e7407,231.0,47.23809523809524,93.58995815899581,500,924,956,19.7,4
187,tomo_3e7407,257.0,48.20779220779221,92.65271966527196,500,924,956,19.7,4
188,tomo_3e7407,241.0,48.484848484848484,97.07112970711296,500,924,956,19.7,4
189,tomo_3e7783,186.0,70.8,85.10344827586206,300,960,928,13.1,1
190,tomo_3eb9c8,150.0,54.8,57.37931034482759,300,960,928,13.1,1
191,tomo_401341,166.0,81.6,99.58620689655173,300,960,928,13.1,1
192,tomo_4077d8,73.0,13.793103448275861,31.03448275862069,300,928,928,15.6,1
193,tomo_40b215,-1.0,-0.13852813852813853,-0.13389121338912133,500,924,956,16.1,0
194,tomo_4102f1,149.0,113.10344827586206,66.89655172413794,300,928,928,15.6,1
195,tomo_412d88,89.0,14.206896551724137,37.51724137931034,300,928,928,15.6,1
196,tomo_417e5f,216.0,59.6,76.6896551724138,300,960,928,15.6,1
197,tomo_41ea80,-1.0,-0.125,-0.08888888888888889,500,1024,1440,13.3,0
198,tomo_423d52,154.0,59.199999999999996,62.89655172413793,300,960,928,13.1,1
199,tomo_444829,112.0,108.41379310344827,88.41379310344827,300,928,928,13.1,1
200,tomo_4469a7,-1.0,-0.13333333333333333,-0.13793103448275862,300,960,928,16.8,0
201,tomo_4555b6,190.0,55.82683982683983,114.20920502092049,500,924,956,19.7,1
202,tomo_455dcd,36.0,88.0,73.79310344827586,300,960,928,13.1,1
203,tomo_46250a,170.0,23.17241379310345,46.3448275862069,300,928,928,15.6,1
204,tomo_464108,-1.0,-0.13793103448275862,-0.13793103448275862,800,928,928,13.1,0
205,tomo_466489,-1.0,-0.13333333333333333,-0.13793103448275862,300,960,928,16.8,0
206,tomo_47ac94,-1.0,-0.13333333333333333,-0.13793103448275862,300,960,928,15.6,0
207,tomo_47c399,168.0,23.6,60.41379310344828,300,960,928,13.1,1
208,tomo_47d380,-1.0,-0.13793103448275862,-0.13333333333333333,800,928,960,13.1,0
209,tomo_48dc93,208.0,98.63203463203463,64.6694560669456,500,924,956,19.7,2
210,tomo_48dc93,194.0,97.80086580086581,68.01673640167364,500,924,956,19.7,2
211,tomo_4925ee,-1.0,-0.13333333333333333,-0.13793103448275862,300,960,928,19.2,0
212,tomo_493bea,170.0,50.666666666666664,18.75862068965517,300,960,928,13.1,1
213,tomo_49725c,150.0,83.28675703858185,101.93103448275862,300,959,928,15.6,2
214,tomo_49725c,109.0,24.825860271115747,22.896551724137932,300,959,928,15.6,2
215,tomo_499ee0,-1.0,-0.13333333333333333,-0.13793103448275862,300,960,928,16.8,0
216,tomo_49f4ee,166.0,92.41379310344827,56.96551724137931,300,928,928,13.1,1
217,tomo_4b124b,111.0,67.33333333333333,62.3448275862069,300,960,928,13.1,1
218,tomo_4b59a2,156.0,65.46666666666667,101.79310344827586,300,960,928,13.1,1
219,tomo_4baff0,-1.0,-0.13852813852813853,-0.13389121338912133,500,924,956,16.1,0
220,tomo_4c1ca8,-1.0,-0.13793103448275862,-0.13333333333333333,800,928,960,13.1,0
221,tomo_4c2e4e,-1.0,-0.13333333333333333,-0.13793103448275862,300,960,928,16.8,0
222,tomo_4d528f,-1.0,-0.13793103448275862,-0.13333333333333333,800,928,960,16.1,0
223,tomo_4e1b18,-1.0,-0.13852813852813853,-0.13389121338912133,500,924,956,19.7,0
224,tomo_4e38b8,209.0,100.50469238790407,51.03448275862069,300,959,928,15.6,1
225,tomo_4e3e37,-1.0,-0.13793103448275862,-0.13333333333333333,800,928,960,13.1,0
226,tomo_4e41c2,-1.0,-0.13807982740021574,-0.1334723670490094,800,927,959,13.1,0
227,tomo_4e478f,117.0,62.331595411887385,21.517241379310345,300,959,928,15.6,1
228,tomo_4ed9de,173.0,96.53333333333333,98.89655172413794,300,960,928,15.6,1
229,tomo_4ee35e,157.0,89.42648592283629,41.37931034482759,300,959,928,15.6,1
230,tomo_4f379f,124.0,71.40771637122002,20.82758620689655,300,959,928,15.6,1
231,tomo_4f5a7b,-1.0,-0.13333333333333333,-0.13793103448275862,300,960,928,13.1,0
232,tomo_507b7a,451.0,77.37931034482759,48.8,500,928,960,13.1,2
233,tomo_507b7a,427.0,52.96551724137931,47.06666666666666,500,928,960,13.1,2
234,tomo_50cbd9,-1.0,-0.13793103448275862,-0.13333333333333333,800,928,960,13.1,0
235,tomo_50f0bf,-1.0,-0.13852813852813853,-0.13389121338912133,500,924,956,16.1,0
236,tomo_510f4e,191.0,32.55172413793103,52.55172413793103,300,928,928,16.8,1
237,tomo_512f98,-1.0,-0.13793103448275862,-0.13333333333333333,800,928,960,13.1,0
238,tomo_513010,128.0,20.0,68.82758620689656,300,960,928,13.1,1
239,tomo_516cdd,187.0,98.63607924921794,24.96551724137931,300,959,928,15.6,1
240,tomo_517f70,66.0,44.82758620689655,54.06896551724138,300,928,928,13.1,1
241,tomo_518a1f,108.0,75.2,94.20689655172414,300,960,928,15.6,1
242,tomo_51a47f,112.0,40.266666666666666,28.551724137931036,300,960,928,15.6,1
243,tomo_51a77e,-1.0,-0.13793103448275862,-0.13333333333333333,500,928,960,13.1,0
244,tomo_5308e8,-1.0,-0.13793103448275862,-0.13333333333333333,800,928,960,16.1,0
245,tomo_532d49,47.0,68.93333333333334,34.758620689655174,300,960,928,15.6,1
246,tomo_539259,152.0,67.06666666666666,84.55172413793103,300,960,928,16.8,1
247,tomo_53c71b,-1.0,-0.13793103448275862,-0.13333333333333333,800,928,960,13.1,0
248,tomo_53e048,190.0,88.8,74.75862068965517,300,960,928,13.1,1
249,tomo_54e1a7,-1.0,-0.13793103448275862,-0.13793103448275862,300,928,928,16.8,0
250,tomo_556257,123.0,28.029197080291972,59.86206896551724,300,959,928,15.6,1
251,tomo_568537,215.0,70.8,53.241379310344826,300,960,928,13.1,1
252,tomo_569981,-1.0,-0.13793103448275862,-0.13793103448275862,800,928,928,13.1,0
253,tomo_56b9a3,60.0,41.241379310344826,68.6896551724138,300,928,928,13.1,1
254,tomo_57592d,174.0,124.6896551724138,77.24137931034483,300,928,928,15.6,1
255,tomo_5764d6,92.0,93.6551724137931,77.33333333333333,500,928,960,13.1,1
256,tomo_57c814,168.0,49.51724137931034,55.44827586206897,300,928,928,13.1,1
257,tomo_5984bf,-1.0,-0.13793103448275862,-0.13333333333333333,800,928,960,13.1,0
258,tomo_59b470,139.0,20.266666666666666,87.03448275862068,300,960,928,15.6,1
259,tomo_5b087f,159.0,33.63503649635037,51.44827586206897,300,959,928,15.6,1
260,tomo_5b34b2,112.0,81.73333333333333,32.13793103448276,300,960,928,13.1,1
261,tomo_5b359d,-1.0,-0.13793103448275862,-0.13333333333333333,800,928,960,13.1,0
262,tomo_5b8db4,-1.0,-0.13793103448275862,-0.13333333333333333,800,928,960,13.1,0
263,tomo_5ba0cf,217.0,86.85714285714286,42.17573221757322,500,924,956,19.7,2
264,tomo_5ba0cf,221.0,90.45887445887446,44.5857740585774,500,924,956,19.7,2
265,tomo_5bb31c,-1.0,-0.13793103448275862,-0.13793103448275862,800,928,928,19.3,0
266,tomo_5d01e8,-1.0,-0.125,-0.08888888888888889,500,1024,1440,13.3,0
267,tomo_5d4c65,190.0,82.89655172413794,86.93333333333334,500,928,960,13.1,4
268,tomo_5d4c65,180.0,106.20689655172414,64.4,500,928,960,13.1,4
269,tomo_5d4c65,187.0,54.06896551724138,120.26666666666667,500,928,960,13.1,4
270,tomo_5d4c65,145.0,69.6551724137931,105.86666666666666,500,928,960,13.1,4
271,tomo_5d798e,121.0,46.53333333333333,55.44827586206897,300,960,928,15.6,1
272,tomo_5dd63d,135.0,109.73333333333333,106.48275862068965,300,960,928,13.1,1
273,tomo_5e2a91,267.0,76.53333333333333,39.172413793103445,300,960,928,15.6,1
274,tomo_5f1f0c,-1.0,-0.13333333333333333,-0.13793103448275862,300,960,928,16.8,0
275,tomo_5f235a,119.0,87.46666666666667,51.310344827586206,300,960,928,13.1,1
276,tomo_5f34b3,-1.0,-0.13852813852813853,-0.13389121338912133,500,924,956,19.7,0
277,tomo_603e40,118.0,16.4,50.62068965517241,300,960,928,13.1,1
278,tomo_60d478,75.0,93.93103448275862,62.89655172413793,300,928,928,13.1,1
279,tomo_60ddbd,69.0,60.0,67.86206896551724,300,960,928,13.1,1
280,tomo_616f0b,149.0,116.6548488008342,84.0,300,959,928,15.6,1
281,tomo_61e947,-1.0,-0.13793103448275862,-0.13333333333333333,800,928,960,13.1,0
282,tomo_622ca9,88.0,48.0,77.93103448275862,300,928,928,13.1,1
283,tomo_62dbea,90.0,87.46666666666667,108.82758620689656,300,960,928,13.1,1
284,tomo_62eea8,111.0,62.53333333333333,46.06896551724138,300,960,928,13.1,2
285,tomo_6303f0,199.0,78.66666666666667,29.241379310344826,300,960,928,13.1,1
286,tomo_634b06,212.0,25.517241379310345,97.06666666666666,500,928,960,13.1,4
287,tomo_634b06,256.0,71.17241379310344,67.86666666666666,500,928,960,13.1,4
288,tomo_634b06,228.0,58.206896551724135,88.53333333333333,500,928,960,13.1,4
289,tomo_634b06,266.0,67.72413793103448,71.33333333333333,500,928,960,13.1,4
290,tomo_63e635,-1.0,-0.13793103448275862,-0.13333333333333333,800,928,960,13.1,0
291,tomo_640a74,3.0,75.06666666666666,92.82758620689656,300,960,928,13.1,1
292,tomo_643b20,168.0,51.6,82.20689655172414,300,960,928,13.1,1
293,tomo_646049,-1.0,-0.13333333333333333,-0.13793103448275862,300,960,928,15.6,0
294,tomo_6478e5,-1.0,-0.13333333333333333,-0.13793103448275862,300,960,928,16.8,0
295,tomo_648adf,-1.0,-0.13333333333333333,-0.13793103448275862,400,960,928,15.6,0
296,tomo_651ec2,-1.0,-0.13852813852813853,-0.13389121338912133,500,924,956,16.1,0
297,tomo_651ecd,152.0,60.666666666666664,46.48275862068965,300,960,928,13.1,1
298,tomo_6521dc,-1.0,-0.13333333333333333,-0.13793103448275862,300,960,928,15.6,0
299,tomo_656915,202.0,109.991341991342,22.359832635983263,500,924,956,19.7,1
300,tomo_6607ec,-1.0,-0.13333333333333333,-0.13793103448275862,300,960,928,15.6,0
301,tomo_66285d,75.0,60.41379310344828,88.27586206896552,300,928,928,13.1,1
302,tomo_672101,102.0,38.666666666666664,80.13793103448276,300,960,928,13.1,1
303,tomo_6733fa,133.0,43.06666666666666,103.58620689655173,300,960,928,13.1,1
304,tomo_675583,187.0,75.33333333333333,105.51724137931035,300,960,928,16.8,1
305,tomo_67565e,124.0,83.01981230448384,84.13793103448276,300,959,928,15.6,1
306,tomo_676744,252.0,78.53333333333333,67.72413793103448,300,960,928,16.8,1
307,tomo_67717e,137.0,37.37226277372263,77.37931034482759,300,959,928,15.6,2
308,tomo_67717e,160.0,22.823774765380605,55.724137931034484,300,959,928,15.6,2
309,tomo_67ff4e,-1.0,-0.13793103448275862,-0.13333333333333333,800,928,960,16.1,0
310,tomo_68e123,89.0,106.34482758620689,73.10344827586206,300,928,928,15.6,1
311,tomo_692081,-1.0,-0.13793103448275862,-0.13333333333333333,800,928,960,16.1,0
312,tomo_6943e6,-1.0,-0.13333333333333333,-0.13793103448275862,300,960,928,16.8,0
313,tomo_69d7c9,-1.0,-0.13333333333333333,-0.13793103448275862,300,960,928,16.8,0
314,tomo_6a6a3b,-1.0,-0.13793103448275862,-0.13333333333333333,800,928,960,13.1,0
315,tomo_6a84b7,-1.0,-0.13793103448275862,-0.13333333333333333,800,928,960,13.1,0
316,tomo_6acb9e,80.0,74.93333333333334,114.62068965517241,300,960,928,13.1,1
317,tomo_6b1fd3,-1.0,-0.13852813852813853,-0.13389121338912133,500,924,956,19.7,0
318,tomo_6bb452,-1.0,-0.13793103448275862,-0.13333333333333333,800,928,960,13.1,0
319,tomo_6bc974,74.0,76.55172413793103,84.13793103448276,300,928,928,13.1,1
320,tomo_6c203d,165.0,41.06666666666666,38.62068965517241,300,960,928,13.1,1
321,tomo_6c4df3,-1.0,-0.13852813852813853,-0.13389121338912133,500,924,956,19.7,0
322,tomo_6c5a26,175.0,82.66666666666667,65.93103448275862,300,960,928,15.6,1
323,tomo_6cb0f0,144.0,87.6,37.6551724137931,300,960,928,13.1,1
324,tomo_6cf2df,436.0,36.0,68.53333333333333,500,928,960,13.1,2
325,tomo_6cf2df,337.0,14.344827586206897,60.0,500,928,960,13.1,2
326,tomo_6d22d1,50.0,106.26666666666667,49.93103448275862,300,960,928,13.1,1
327,tomo_6df2d6,105.0,105.06666666666666,74.06896551724138,300,960,928,13.1,1
328,tomo_6e196d,-1.0,-0.125,-0.08888888888888889,500,1024,1440,13.3,0
329,tomo_6e237a,119.0,106.24400417101147,91.44827586206897,300,959,928,15.6,1
330,tomo_6f0ee4,165.0,44.846715328467155,27.862068965517242,300,959,928,15.6,1
331,tomo_6f2c1f,216.0,81.06666666666666,45.241379310344826,300,960,928,13.1,1
332,tomo_6f83d4,123.0,56.53333333333333,40.41379310344828,300,960,928,13.1,1
333,tomo_7036ee,166.0,75.86666666666666,99.86206896551724,300,960,928,13.1,1
334,tomo_711fad,-1.0,-0.13852813852813853,-0.13389121338912133,500,924,956,19.7,0
335,tomo_71d2c0,-1.0,-0.13793103448275862,-0.13793103448275862,800,928,928,19.3,0
336,tomo_71ece1,149.0,58.48275862068965,57.37931034482759,300,928,928,13.1,1
337,tomo_72763e,154.0,79.01564129301356,120.6896551724138,300,959,928,15.6,1
338,tomo_72b187,-1.0,-0.13333333333333333,-0.13793103448275862,300,960,928,13.1,0
339,tomo_73173f,142.0,90.34482758620689,78.20689655172414,300,928,928,13.2,1
340,tomo_736dfa,-1.0,-0.13807982740021574,-0.1334723670490094,800,927,959,13.1,0
341,tomo_738500,200.0,51.86666666666667,60.275862068965516,300,960,928,15.6,1
342,tomo_746d88,-1.0,-0.13793103448275862,-0.13793103448275862,800,928,928,19.3,0
343,tomo_754447,201.0,28.675324675324674,61.456066945606686,500,924,956,19.7,2
344,tomo_754447,218.0,31.584415584415584,59.58158995815899,500,924,956,19.7,2
345,tomo_7550f4,134.0,66.66666666666667,97.93103448275862,300,960,928,16.8,1
346,tomo_769126,95.0,15.2,78.06896551724138,300,960,928,13.1,1
347,tomo_76a42b,181.0,66.26666666666667,87.58620689655173,300,960,928,13.1,1
348,tomo_774aae,-1.0,-0.13793103448275862,-0.13333333333333333,800,928,960,16.1,0
349,tomo_78b03d,-1.0,-0.13333333333333333,-0.13793103448275862,300,960,928,16.8,0
350,tomo_79756f,206.0,106.11053180396246,31.724137931034484,300,959,928,15.6,1
351,tomo_79a385,196.0,93.86666666666666,93.24137931034483,300,960,928,15.6,1
352,tomo_79d622,218.0,42.48275862068965,69.6551724137931,300,928,928,13.1,1
353,tomo_7a49bd,-1.0,-0.125,-0.08888888888888889,500,1024,1440,13.3,0
354,tomo_7a9b64,125.0,53.6,64.6896551724138,300,960,928,13.1,1
355,tomo_7b1ee3,182.0,86.8,86.34482758620689,300,960,928,13.1,1
356,tomo_7ca7c0,89.0,98.20689655172414,14.758620689655173,300,928,928,15.6,3
357,tomo_7ca7c0,125.0,46.206896551724135,8.137931034482758,300,928,928,15.6,3
358,tomo_7ca7c0,165.0,80.0,109.51724137931035,300,928,928,15.6,3
359,tomo_7cf523,-1.0,-0.13333333333333333,-0.13793103448275862,300,960,928,16.8,0
360,tomo_7dc063,-1.0,-0.13793103448275862,-0.13333333333333333,800,928,960,13.1,0
361,tomo_7dcfb8,-1.0,-0.13333333333333333,-0.13793103448275862,300,960,928,16.8,0
362,tomo_7e3494,-1.0,-0.13793103448275862,-0.13333333333333333,800,928,960,16.1,0
363,tomo_7eb641,-1.0,-0.13333333333333333,-0.13793103448275862,300,960,928,15.6,0
364,tomo_7f0184,228.0,44.13333333333333,48.275862068965516,300,960,928,13.1,1
365,tomo_7fa3b1,-1.0,-0.13333333333333333,-0.13793103448275862,300,960,928,19.2,0
366,tomo_7fbc49,0.0,74.13333333333333,49.51724137931034,300,960,928,13.1,1
367,tomo_806a8f,110.0,99.86666666666666,58.89655172413793,300,960,928,13.1,1
368,tomo_80bf0f,-1.0,-0.13333333333333333,-0.13793103448275862,500,960,928,16.8,0
369,tomo_813916,-1.0,-0.13793103448275862,-0.13333333333333333,800,928,960,13.1,0
370,tomo_81445c,102.0,107.6,32.13793103448276,300,960,928,13.1,1
371,tomo_8174f5,-1.0,-0.125,-0.08888888888888889,500,1024,1440,13.3,0
372,tomo_821255,-1.0,-0.13333333333333333,-0.13793103448275862,300,960,928,15.6,0
373,tomo_823bc7,160.0,47.46666666666667,111.03448275862068,300,960,928,13.1,1
374,tomo_82d780,107.0,48.8,79.17241379310344,300,960,928,15.6,1
375,tomo_8351d1,-1.0,-0.125,-0.08888888888888889,500,1024,1440,13.3,0
376,tomo_84997e,139.0,108.51303441084464,94.89655172413794,300,959,928,15.6,1
377,tomo_8554af,93.0,33.86666666666667,75.72413793103448,300,960,928,15.6,1
378,tomo_85708b,-1.0,-0.13793103448275862,-0.13333333333333333,800,928,960,16.1,0
379,tomo_85edfd,-1.0,-0.13333333333333333,-0.13793103448275862,300,960,928,16.8,0
380,tomo_85fa87,152.0,49.25130344108447,5.655172413793103,300,959,928,15.6,1
381,tomo_8634ee,-1.0,-0.13793103448275862,-0.13333333333333333,800,928,960,13.1,0
382,tomo_868255,243.0,49.733333333333334,108.13793103448276,300,960,928,15.6,1
383,tomo_881d84,189.0,70.26666666666667,54.206896551724135,300,960,928,16.8,1
384,tomo_88af60,-1.0,-0.125,-0.08888888888888889,500,1024,1440,13.3,0
385,tomo_891730,244.0,25.733333333333334,53.37931034482759,300,960,928,13.1,1
386,tomo_891afe,-1.0,-0.13333333333333333,-0.13793103448275862,300,960,928,16.8,0
387,tomo_89d156,138.0,56.55172413793103,48.41379310344828,300,928,928,13.1,1
388,tomo_8acc4b,-1.0,-0.125,-0.08888888888888889,500,1024,1440,13.3,0
389,tomo_8b6795,141.0,29.333333333333332,21.93103448275862,300,960,928,13.1,1
390,tomo_8c13d9,119.0,60.96551724137931,39.310344827586206,300,928,928,13.1,1
391,tomo_8d231b,-1.0,-0.13333333333333333,-0.13793103448275862,300,960,928,15.6,0
392,tomo_8d2d48,117.0,94.61471861471861,81.5397489539749,300,924,956,19.7,4
393,tomo_8d2d48,154.0,51.80952380952381,107.91631799163179,300,924,956,19.7,4
394,tomo_8d2d48,115.0,99.87878787878788,80.87029288702928,300,924,956,19.7,4
395,tomo_8d2d48,136.0,49.59307359307359,114.61087866108785,300,924,956,19.7,4
396,tomo_8d5995,-1.0,-0.13333333333333333,-0.13793103448275862,300,960,928,15.6,0
397,tomo_8e30f5,-1.0,-0.13333333333333333,-0.13793103448275862,300,960,928,15.6,0
398,tomo_8e4919,-1.0,-0.13333333333333333,-0.13793103448275862,300,960,928,15.6,0
399,tomo_8e4f7d,131.0,79.06666666666666,66.20689655172414,300,960,928,13.1,1
400,tomo_8e58f1,111.0,56.266666666666666,38.62068965517241,300,960,928,15.6,1
401,tomo_8e8368,169.0,39.37434827945777,82.75862068965517,300,959,928,15.6,1
402,tomo_8e90f9,157.0,52.8,97.51724137931035,300,960,928,16.8,1
403,tomo_8ee8fd,-1.0,-0.13333333333333333,-0.13793103448275862,300,960,928,16.1,0
404,tomo_8f063a,159.0,50.93333333333333,13.655172413793103,300,960,928,13.1,1
405,tomo_8f4d60,120.0,60.0,63.03448275862069,300,960,928,15.6,1
406,tomo_8f5995,157.0,44.0,30.344827586206897,300,960,928,13.1,1
407,tomo_91031e,-1.0,-0.13333333333333333,-0.13793103448275862,300,960,928,16.8,0
408,tomo_918e2b,210.0,65.2,74.48275862068965,300,960,928,13.1,1
409,tomo_91beab,-1.0,-0.13852813852813853,-0.13389121338912133,500,924,956,19.7,0
410,tomo_91c84c,126.0,61.6,88.0,300,960,928,15.6,1
411,tomo_935ae0,133.0,77.06666666666666,16.96551724137931,300,960,928,13.1,1
412,tomo_935f8a,-1.0,-0.13333333333333333,-0.13793103448275862,300,960,928,16.8,0
413,tomo_93c0b4,43.0,91.06666666666666,44.13793103448276,300,960,928,13.1,1
414,tomo_94a841,-1.0,-0.13333333333333333,-0.13793103448275862,300,960,928,15.6,0
415,tomo_94c173,59.0,72.13333333333333,50.89655172413793,300,960,928,13.1,1
416,tomo_957567,-1.0,-0.13333333333333333,-0.13793103448275862,300,960,928,13.1,0
417,tomo_95c0eb,-1.0,-0.13807982740021574,-0.1334723670490094,800,927,959,13.1,0
418,tomo_95e699,150.0,45.86666666666667,60.55172413793103,300,960,928,13.1,1
419,tomo_9674bf,90.0,80.13333333333333,21.517241379310345,300,960,928,13.1,1
420,tomo_971966,-1.0,-0.13852813852813853,-0.13389121338912133,500,924,956,16.1,0
421,tomo_9722d1,286.0,11.082251082251082,85.9581589958159,500,924,956,19.7,2
422,tomo_9722d1,269.0,9.281385281385282,89.7071129707113,500,924,956,19.7,2
423,tomo_974fd4,-1.0,-0.13793103448275862,-0.13793103448275862,300,928,928,16.8,0
424,tomo_975287,-1.0,-0.13852813852813853,-0.13389121338912133,500,924,956,19.7,0
425,tomo_97876d,-1.0,-0.13793103448275862,-0.13333333333333333,800,928,960,13.1,0
426,tomo_97a2c6,158.0,53.92283628779979,25.103448275862068,300,959,928,15.6,1
427,tomo_983fce,-1.0,-0.13793103448275862,-0.13333333333333333,500,928,960,13.1,0
428,tomo_98686a,226.0,78.13333333333333,75.17241379310344,300,960,928,13.1,1
429,tomo_98d455,173.0,106.6444212721585,22.344827586206897,300,959,928,15.6,1
430,tomo_997240,179.0,67.74025974025975,116.35146443514644,500,924,956,19.7,2
431,tomo_997240,199.0,66.9090909090909,118.09205020920501,500,924,956,19.7,2
432,tomo_997437,123.0,100.63816475495308,105.37931034482759,300,959,928,15.6,1
433,tomo_9986f0,208.0,74.13333333333333,51.86206896551724,300,960,928,13.1,1
434,tomo_9997b3,237.0,65.46666666666667,60.96551724137931,300,960,928,15.6,1
435,tomo_99a3ce,81.0,76.53333333333333,91.72413793103448,300,960,928,13.1,1
436,tomo_9a7701,166.0,35.74025974025974,11.648535564853555,500,924,956,19.7,6
437,tomo_9a7701,220.0,30.614718614718615,102.02510460251045,500,924,956,19.7,6
438,tomo_9a7701,206.0,32.0,104.836820083682,500,924,956,19.7,6
439,tomo_9a7701,229.0,32.83116883116883,106.30962343096233,500,924,956,19.7,6
440,tomo_9a7701,191.0,34.90909090909091,12.317991631799162,500,924,956,19.7,6
441,tomo_9a7701,213.0,34.77056277056277,107.64853556485355,500,924,956,19.7,6
442,tomo_9ae65f,-1.0,-0.13852813852813853,-0.13389121338912133,500,924,956,19.7,0
443,tomo_9aee96,-1.0,-0.13793103448275862,-0.13333333333333333,800,928,960,13.1,0
444,tomo_9c0253,209.0,54.4,113.24137931034483,300,960,928,13.1,1
445,tomo_9cd09e,124.0,108.93333333333334,106.48275862068965,300,960,928,13.1,1
446,tomo_9cde9d,-1.0,-0.13793103448275862,-0.13793103448275862,600,928,928,19.3,0
447,tomo_9d3a0e,157.0,104.93333333333334,48.96551724137931,300,960,928,13.1,1
448,tomo_9dbc12,-1.0,-0.13852813852813853,-0.13389121338912133,500,924,956,16.1,0
449,tomo_9ed470,160.0,36.03753910323253,91.72413793103448,300,959,928,15.6,1
450,tomo_9f1828,113.0,29.230448383733055,91.72413793103448,300,959,928,15.6,1
451,tomo_9f222a,141.0,40.266666666666666,72.0,300,960,928,16.8,1
452,tomo_9f424e,-1.0,-0.13793103448275862,-0.13793103448275862,800,928,928,19.3,0
453,tomo_9f918e,-1.0,-0.13793103448275862,-0.13333333333333333,800,928,960,16.1,0
454,tomo_9fc2b6,128.0,97.06666666666666,78.62068965517241,300,960,928,13.1,1
455,tomo_a020d7,202.0,60.41379310344828,44.13793103448276,300,928,928,13.1,1
456,tomo_a0cb00,88.0,70.53333333333333,96.55172413793103,300,960,928,13.1,1
457,tomo_a1a9a3,78.0,78.66666666666667,17.241379310344826,300,960,928,15.6,1
458,tomo_a2a928,-1.0,-0.13333333333333333,-0.13793103448275862,300,960,928,16.8,0
459,tomo_a2bf30,152.0,34.666666666666664,64.0,300,960,928,16.8,1
460,tomo_a37a5c,161.0,99.83733055265903,97.79310344827586,300,959,928,15.6,1
461,tomo_a3ed10,-1.0,-0.13793103448275862,-0.13333333333333333,800,928,960,13.1,0
462,tomo_a46b26,175.0,65.6,90.75862068965517,300,960,928,15.6,1
463,tomo_a4c52f,94.0,56.13333333333333,55.44827586206897,300,960,928,15.6,1
464,tomo_a4f419,-1.0,-0.13793103448275862,-0.13333333333333333,800,928,960,16.1,0
465,tomo_a537dd,49.0,68.26666666666667,51.44827586206897,300,960,928,15.6,1
466,tomo_a549d6,170.0,47.333333333333336,101.37931034482759,300,960,928,13.1,2
467,tomo_a549d6,97.0,35.733333333333334,106.34482758620689,300,960,928,13.1,2
468,tomo_a5ac23,171.0,58.46089676746611,19.03448275862069,300,959,928,15.6,2
469,tomo_a5ac23,169.0,76.61313868613139,123.44827586206897,300,959,928,15.6,2
470,tomo_a6646f,-1.0,-0.13793103448275862,-0.13333333333333333,800,928,960,13.1,0
471,tomo_a67e9f,277.0,21.88744588744589,103.6317991631799,500,924,956,19.7,1
472,tomo_a72a52,-1.0,-0.13793103448275862,-0.13333333333333333,800,928,960,13.1,0
473,tomo_a75c98,107.0,60.8,47.724137931034484,300,960,928,13.1,1
474,tomo_a8073d,387.0,8.137931034482758,25.066666666666666,500,928,960,13.1,3
475,tomo_a8073d,433.0,65.51724137931035,46.93333333333333,500,928,960,13.1,3
476,tomo_a8073d,435.0,42.48275862068965,38.0,500,928,960,13.1,3
477,tomo_a81e01,162.0,37.10531803962461,9.655172413793103,300,959,928,15.6,1
478,tomo_a84050,80.0,106.34482758620689,20.689655172413794,300,928,928,13.1,2
479,tomo_a84050,150.0,63.172413793103445,83.58620689655173,300,928,928,13.1,2
480,tomo_a8bf76,143.0,44.666666666666664,52.82758620689655,300,960,928,13.1,1
481,tomo_a910fe,78.0,50.266666666666666,44.96551724137931,300,960,928,13.1,1
482,tomo_a9d067,250.0,91.01298701298701,75.51464435146443,500,924,956,19.7,3
483,tomo_a9d067,192.0,88.93506493506493,99.74895397489539,500,924,956,19.7,3
484,tomo_a9d067,199.0,92.25974025974025,97.07112970711296,500,924,956,19.7,3
485,tomo_aaa1fd,-1.0,-0.13333333333333333,-0.13793103448275862,300,960,928,15.6,0
486,tomo_ab30af,-1.0,-0.125,-0.08888888888888889,500,1024,1440,13.3,0
487,tomo_ab78d0,-1.0,-0.13793103448275862,-0.13333333333333333,800,928,960,13.1,0
488,tomo_ab804d,-1.0,-0.13793103448275862,-0.13333333333333333,800,928,960,13.1,0
489,tomo_abac2e,155.0,71.40771637122002,13.241379310344827,300,959,928,15.6,1
490,tomo_abb45a,156.0,99.73333333333333,94.89655172413794,300,960,928,13.1,1
491,tomo_abbd3b,-1.0,-0.13793103448275862,-0.13793103448275862,800,928,928,19.3,0
492,tomo_ac4f0d,-1.0,-0.13793103448275862,-0.13333333333333333,800,928,960,16.1,0
493,tomo_ac9fef,-1.0,-0.13852813852813853,-0.13389121338912133,500,924,956,19.7,0
494,tomo_acadd7,60.0,65.06666666666666,104.6896551724138,300,960,928,15.6,1
495,tomo_adc026,157.0,57.660062565172055,107.03448275862068,300,959,928,15.6,1
496,tomo_ae347a,180.0,107.35930735930737,79.7991631799163,500,924,956,19.7,2
497,tomo_ae347a,206.0,109.16017316017316,77.7907949790795,500,924,956,19.7,2
498,tomo_aeaf51,-1.0,-0.125,-0.08888888888888889,500,1024,1440,13.3,0
499,tomo_aec312,239.0,75.08225108225108,51.012552301255226,500,924,956,19.7,2
500,tomo_aec312,250.0,73.6969696969697,54.49372384937238,500,924,956,19.7,2
501,tomo_aff073,-1.0,-0.13852813852813853,-0.13389121338912133,500,924,956,16.1,0
502,tomo_b03f81,116.0,58.53333333333333,105.79310344827586,300,960,928,13.1,1
503,tomo_b0ded6,267.0,47.515151515151516,111.66527196652719,500,924,956,19.7,2
504,tomo_b0ded6,247.0,46.40692640692641,112.20083682008367,500,924,956,19.7,2
505,tomo_b0e5c6,133.0,81.79310344827586,118.75862068965517,300,928,928,15.6,1
506,tomo_b10aa4,-1.0,-0.13333333333333333,-0.13793103448275862,300,960,928,15.6,0
507,tomo_b11ddc,-1.0,-0.13333333333333333,-0.13793103448275862,300,960,928,19.2,0
508,tomo_b18127,-1.0,-0.13852813852813853,-0.13389121338912133,500,924,956,19.7,0
509,tomo_b24f1a,-1.0,-0.13333333333333333,-0.13793103448275862,300,960,928,15.6,0
510,tomo_b28579,-1.0,-0.13807982740021574,-0.1334723670490094,800,927,959,13.1,0
511,tomo_b2b342,-1.0,-0.13333333333333333,-0.13793103448275862,300,960,928,15.6,0
512,tomo_b2eb0c,-1.0,-0.125,-0.08888888888888889,500,1024,1440,13.3,0
513,tomo_b2ebbc,107.0,61.46666666666667,32.275862068965516,300,960,928,13.1,1
514,tomo_b33d4e,434.0,32.689655172413794,97.86666666666666,500,928,960,13.1,2
515,tomo_b33d4e,412.0,39.310344827586206,102.53333333333333,500,928,960,13.1,2
516,tomo_b4a1f0,208.0,100.15584415584415,53.82426778242677,500,924,956,19.7,4
517,tomo_b4a1f0,226.0,100.15584415584415,49.94142259414225,500,924,956,19.7,4
518,tomo_b4a1f0,202.0,99.18614718614718,49.138075313807526,500,924,956,19.7,4
519,tomo_b4a1f0,223.0,94.06060606060606,118.62761506276149,500,924,956,19.7,4
520,tomo_b4d92b,96.0,83.33333333333333,89.24137931034483,300,960,928,13.1,1
521,tomo_b4d9da,-1.0,-0.13793103448275862,-0.13333333333333333,800,928,960,13.1,0
522,tomo_b50c0f,143.0,97.93103448275862,107.44827586206897,300,928,928,15.6,1
523,tomo_b54396,40.0,84.0,46.206896551724135,300,960,928,13.1,1
524,tomo_b7becf,-1.0,-0.13807982740021574,-0.1334723670490094,800,927,959,13.1,0
525,tomo_b7d014,176.0,52.55172413793103,36.53333333333333,500,928,960,13.1,2
526,tomo_b7d014,181.0,76.6896551724138,43.86666666666667,500,928,960,13.1,2
527,tomo_b7d94c,105.0,99.6,90.89655172413794,300,960,928,13.1,1
528,tomo_b80310,123.0,59.172413793103445,40.82758620689655,300,928,928,13.1,1
529,tomo_b8595d,-1.0,-0.13793103448275862,-0.13793103448275862,300,928,928,16.8,0
530,tomo_b87c8e,-1.0,-0.13333333333333333,-0.13793103448275862,300,960,928,13.1,0
531,tomo_b8f096,142.0,79.46666666666667,80.55172413793103,300,960,928,13.1,1
532,tomo_b9088c,-1.0,-0.13333333333333333,-0.13793103448275862,300,960,928,15.6,0
533,tomo_b93a2d,-1.0,-0.13333333333333333,-0.13793103448275862,300,960,928,16.8,0
534,tomo_b98cf6,-1.0,-0.13793103448275862,-0.13333333333333333,800,928,960,13.1,0
535,tomo_b9de3e,-1.0,-0.125,-0.08888888888888889,500,1024,1440,13.3,0
536,tomo_b9eb9a,-1.0,-0.13333333333333333,-0.13793103448275862,300,960,928,15.6,0
537,tomo_ba37ec,149.0,80.13333333333333,50.3448275862069,300,960,928,15.6,1
538,tomo_ba76d8,-1.0,-0.13793103448275862,-0.13793103448275862,800,928,928,19.3,0
539,tomo_ba9b3d,139.0,114.25234619395204,47.310344827586206,300,959,928,15.6,1
540,tomo_bad724,-1.0,-0.13793103448275862,-0.13333333333333333,800,928,960,13.1,0
541,tomo_bad7b3,194.0,51.119916579770596,94.06896551724138,300,959,928,15.6,2
542,tomo_bad7b3,142.0,23.62460896767466,102.75862068965517,300,959,928,15.6,2
543,tomo_bb5ac1,-1.0,-0.13333333333333333,-0.13793103448275862,300,960,928,16.8,0
544,tomo_bb9df3,244.0,82.53333333333333,52.41379310344828,300,960,928,15.6,1
545,tomo_bbe766,195.0,114.11887382690303,39.724137931034484,300,959,928,15.6,1
546,tomo_bc143f,-1.0,-0.13852813852813853,-0.13389121338912133,500,924,956,19.7,0
547,tomo_bcb115,-1.0,-0.13333333333333333,-0.13793103448275862,300,960,928,16.8,0
548,tomo_bd42fa,-1.0,-0.13793103448275862,-0.13333333333333333,500,928,960,13.1,0
549,tomo_bdc097,-1.0,-0.13333333333333333,-0.13793103448275862,300,960,928,16.8,0
550,tomo_bdd3a0,141.0,108.64650677789365,81.37931034482759,300,959,928,15.6,1
551,tomo_bde7f3,235.0,72.26666666666667,39.03448275862069,300,960,928,13.1,1
552,tomo_be4a3a,111.0,80.35036496350365,123.58620689655172,300,959,928,15.6,1
553,tomo_be9b98,-1.0,-0.13793103448275862,-0.13333333333333333,800,928,960,13.1,0
554,tomo_bebadf,143.0,48.0,56.55172413793103,300,960,928,13.1,1
555,tomo_bede89,157.0,79.6,91.17241379310344,300,960,928,13.1,1
556,tomo_bf1398,235.0,80.76190476190476,24.769874476987447,500,924,956,19.7,2
557,tomo_bf1398,237.0,76.05194805194805,21.824267782426777,500,924,956,19.7,2
558,tomo_bfd5ea,-1.0,-0.13852813852813853,-0.13389121338912133,500,924,956,16.1,0
559,tomo_bfdf19,-1.0,-0.13333333333333333,-0.13793103448275862,300,960,928,15.6,0
560,tomo_c00ab5,104.0,70.53333333333333,64.0,300,960,928,13.1,1
561,tomo_c10f64,-1.0,-0.13333333333333333,-0.13793103448275862,300,960,928,19.2,0
562,tomo_c11e12,171.0,91.69551616266945,85.51724137931035,300,959,928,15.6,1
563,tomo_c13fbf,-1.0,-0.13852813852813853,-0.13389121338912133,500,924,956,19.7,0
564,tomo_c3619a,-1.0,-0.13793103448275862,-0.13793103448275862,300,928,928,16.8,0
565,tomo_c36b4b,-1.0,-0.13333333333333333,-0.13793103448275862,300,960,928,16.8,0
566,tomo_c36baf,92.0,54.13333333333333,91.03448275862068,300,960,928,13.1,1
567,tomo_c38e83,-1.0,-0.13793103448275862,-0.13333333333333333,500,928,960,13.1,0
568,tomo_c46d3c,202.0,70.4,81.6551724137931,300,960,928,13.1,1
569,tomo_c4a4bb,204.0,82.13333333333333,64.9655172413793,300,960,928,13.1,1
570,tomo_c4bfe2,-1.0,-0.13793103448275862,-0.13333333333333333,800,928,960,13.1,0
571,tomo_c4db00,-1.0,-0.13333333333333333,-0.13793103448275862,300,960,928,13.1,0
572,tomo_c596be,-1.0,-0.13793103448275862,-0.13333333333333333,800,928,960,13.1,0
573,tomo_c649f8,146.0,106.39999999999999,87.58620689655173,300,960,928,13.1,1
574,tomo_c678d9,142.0,37.37931034482759,57.93103448275862,300,928,928,16.8,1
575,tomo_c6f50a,-1.0,-0.13333333333333333,-0.13793103448275862,300,960,928,16.8,0
576,tomo_c77de0,-1.0,-0.06694560669456066,-0.06930157011369789,494,1912,1847,6.5,0
577,tomo_c7a40f,-1.0,-0.125,-0.08888888888888889,500,1024,1440,13.3,0
578,tomo_c7b008,83.0,64.53333333333333,117.79310344827586,300,960,928,15.6,1
579,tomo_c84b46,-1.0,-0.13333333333333333,-0.13793103448275862,300,960,928,16.8,0
580,tomo_c84b8e,147.0,42.266666666666666,93.93103448275862,300,960,928,13.1,2
581,tomo_c8f3ce,135.0,23.862068965517242,29.517241379310345,300,928,928,15.6,1
582,tomo_c925ee,-1.0,-0.13807982740021574,-0.1334723670490094,800,927,959,13.1,0
583,tomo_c9d07c,-1.0,-0.13852813852813853,-0.13389121338912133,500,924,956,16.1,0
584,tomo_ca1d13,364.0,9.931034482758621,91.73333333333333,500,928,960,13.1,1
585,tomo_ca472a,-1.0,-0.13793103448275862,-0.13333333333333333,800,928,960,13.1,0
586,tomo_ca8be0,-1.0,-0.13793103448275862,-0.13793103448275862,500,928,928,19.3,0
587,tomo_cabaa0,-1.0,-0.13852813852813853,-0.13389121338912133,500,924,956,19.7,0
588,tomo_cacb75,240.0,20.4,69.93103448275862,300,960,928,15.6,1
589,tomo_cad74b,388.0,115.58620689655173,85.2,500,928,960,13.1,3
590,tomo_cad74b,398.0,90.62068965517241,74.93333333333334,500,928,960,13.1,3
591,tomo_cad74b,389.0,32.96551724137931,50.666666666666664,500,928,960,13.1,3
592,tomo_cae587,-1.0,-0.13333333333333333,-0.13793103448275862,300,960,928,15.6,0
593,tomo_cb5ec6,-1.0,-0.13793103448275862,-0.13333333333333333,800,928,960,16.1,0
594,tomo_cc2b5c,118.0,59.06666666666666,65.79310344827586,300,960,928,16.8,1
595,tomo_cc3fc4,199.0,51.86666666666667,30.068965517241377,300,960,928,13.1,1
596,tomo_cc65a9,136.0,35.46666666666667,67.03448275862068,300,960,928,15.6,1
597,tomo_cd1a7c,162.0,64.93333333333334,96.9655172413793,300,960,928,16.8,1
598,tomo_cf0875,41.0,74.66666666666667,91.58620689655173,300,960,928,13.1,1
599,tomo_cf53d0,235.0,54.206896551724135,43.58620689655172,300,928,928,13.1,1
600,tomo_cf5bfc,-1.0,-0.13793103448275862,-0.13333333333333333,800,928,960,13.1,0
601,tomo_cff77a,242.0,65.33333333333333,73.93103448275862,300,960,928,15.6,1
602,tomo_d0699e,-1.0,-0.13333333333333333,-0.13793103448275862,300,960,928,16.8,0
603,tomo_d0aa3b,164.0,86.20689655172414,109.24137931034483,300,928,928,15.6,1
604,tomo_d0c025,158.0,76.0,99.17241379310344,300,960,928,13.1,1
605,tomo_d0d9b6,-1.0,-0.13807982740021574,-0.1334723670490094,800,927,959,13.1,0
606,tomo_d21396,116.0,29.096976016684046,52.689655172413794,300,959,928,15.6,1
607,tomo_d23087,88.0,63.333333333333336,49.241379310344826,300,960,928,13.1,1
608,tomo_d2339b,105.0,83.46666666666667,73.37931034482759,300,960,928,13.1,1
609,tomo_d26fcb,118.0,40.666666666666664,79.03448275862068,300,960,928,13.1,1
610,tomo_d2b1bc,95.0,71.33333333333333,26.482758620689655,300,960,928,13.1,1
611,tomo_d31c96,-1.0,-0.13793103448275862,-0.13333333333333333,800,928,960,13.1,0
612,tomo_d396b5,164.0,69.06666666666666,15.862068965517242,300,960,928,15.6,1
613,tomo_d3bef7,128.0,87.6,88.9655172413793,300,960,928,13.1,1
614,tomo_d5465a,-1.0,-0.13793103448275862,-0.13333333333333333,800,928,960,13.1,0
615,tomo_d56709,168.0,66.49350649350649,117.15481171548116,500,924,956,19.7,2
616,tomo_d56709,190.0,62.61471861471861,118.89539748953973,500,924,956,19.7,2
617,tomo_d5aa20,-1.0,-0.13793103448275862,-0.13333333333333333,800,928,960,16.1,0
618,tomo_d634b7,123.0,74.53333333333333,52.689655172413794,300,960,928,13.1,1
619,tomo_d662b0,222.0,123.84415584415585,51.54811715481171,500,924,956,19.7,6
620,tomo_d662b0,183.0,76.74458874458874,94.7949790794979,500,924,956,19.7,6
621,tomo_d662b0,204.0,78.26839826839827,95.19665271966527,500,924,956,19.7,6
622,tomo_d662b0,214.0,58.5974025974026,25.439330543933053,500,924,956,19.7,6
623,tomo_d662b0,206.0,54.58008658008658,23.16317991631799,500,924,956,19.7,6
624,tomo_d662b0,189.0,73.97402597402598,93.05439330543932,500,924,956,19.7,6
625,tomo_d6c63f,173.0,84.8,96.27586206896551,300,960,928,13.1,1
626,tomo_d6e3c7,-1.0,-0.13793103448275862,-0.13793103448275862,300,928,928,16.8,0
627,tomo_d723cd,-1.0,-0.13793103448275862,-0.13333333333333333,800,928,960,16.1,0
628,tomo_d7475d,143.0,29.466666666666665,60.689655172413794,300,960,928,15.6,1
629,tomo_d83ff4,115.0,91.42857142857143,96.6896551724138,300,959,928,15.6,1
630,tomo_d84544,55.0,78.13333333333333,83.03448275862068,300,960,928,13.1,1
631,tomo_d8c917,-1.0,-0.13793103448275862,-0.13333333333333333,800,928,960,13.1,0
632,tomo_d916dc,163.0,69.86666666666666,50.3448275862069,300,960,928,16.8,1
633,tomo_d96d6e,-1.0,-0.13793103448275862,-0.13333333333333333,800,928,960,13.1,0
634,tomo_d9a2af,102.0,110.66666666666667,53.10344827586207,300,960,928,13.1,1
635,tomo_da38ea,134.0,39.90823774765381,38.3448275862069,300,959,928,15.6,1
636,tomo_da79d8,239.0,25.766233766233768,65.8744769874477,500,924,956,19.7,4
637,tomo_da79d8,205.0,25.48917748917749,65.8744769874477,500,924,956,19.7,4
638,tomo_da79d8,223.0,28.536796536796537,65.74058577405857,500,924,956,19.7,4
639,tomo_da79d8,218.0,22.857142857142858,66.00836820083681,500,924,956,19.7,4
640,tomo_dae195,-1.0,-0.13793103448275862,-0.13333333333333333,800,928,960,16.1,0
641,tomo_db2a10,-1.0,-0.13793103448275862,-0.13793103448275862,300,928,928,16.8,0
642,tomo_db4517,178.0,103.2,94.75862068965517,300,960,928,13.1,1
643,tomo_db6051,-1.0,-0.13793103448275862,-0.13333333333333333,500,928,960,13.1,0
644,tomo_db656f,130.0,37.10531803962461,77.6551724137931,300,959,928,15.6,1
645,tomo_dbc66d,-1.0,-0.13333333333333333,-0.13793103448275862,300,960,928,16.8,0
646,tomo_dc9a96,-1.0,-0.125,-0.08888888888888889,500,1024,1440,13.3,0
647,tomo_dcb9b4,153.0,65.73333333333333,49.51724137931034,300,960,928,15.6,1
648,tomo_dd36c9,-1.0,-0.13852813852813853,-0.13389121338912133,500,924,956,16.1,0
649,tomo_decb81,59.0,78.4,65.93103448275862,300,960,928,15.6,1
650,tomo_dee783,-1.0,-0.13333333333333333,-0.13793103448275862,300,960,928,15.6,0
651,tomo_df866a,-1.0,-0.13333333333333333,-0.13793103448275862,300,960,928,16.8,0
652,tomo_dfc627,97.0,47.06666666666666,105.6551724137931,300,960,928,13.1,1
653,tomo_dfdc32,-1.0,-0.13852813852813853,-0.13389121338912133,500,924,956,19.7,0
654,tomo_e0739f,-1.0,-0.13333333333333333,-0.13793103448275862,300,960,928,16.8,0
655,tomo_e1a034,-1.0,-0.13333333333333333,-0.13793103448275862,300,960,928,19.2,0
656,tomo_e1e5d3,21.0,75.2,62.3448275862069,300,960,928,13.1,1
657,tomo_e22370,253.0,102.64935064935065,34.14225941422594,500,924,956,19.7,3
658,tomo_e22370,254.0,102.0952380952381,39.63179916317991,500,924,956,19.7,3
659,tomo_e22370,242.0,102.78787878787878,37.221757322175726,500,924,956,19.7,3
660,tomo_e26c6b,133.0,24.0,43.724137931034484,300,928,928,15.6,1
661,tomo_e2a336,-1.0,-0.13793103448275862,-0.13793103448275862,800,928,928,19.3,0
662,tomo_e2ccab,119.0,48.689655172413794,11.03448275862069,300,928,928,15.6,1
663,tomo_e2da77,-1.0,-0.13793103448275862,-0.13333333333333333,800,928,960,13.1,0
664,tomo_e32b81,-1.0,-0.13333333333333333,-0.13793103448275862,300,960,928,15.6,0
665,tomo_e34af8,249.0,47.86666666666667,68.9655172413793,300,960,928,15.6,1
666,tomo_e3864f,-1.0,-0.13793103448275862,-0.13793103448275862,800,928,928,19.3,0
667,tomo_e50f04,-1.0,-0.13333333333333333,-0.13793103448275862,300,960,928,16.8,0
668,tomo_e51e5e,153.0,114.78623566214807,81.10344827586206,300,959,928,15.6,1
669,tomo_e55f81,-1.0,-0.13333333333333333,-0.13793103448275862,300,960,928,16.8,0
670,tomo_e57baf,108.0,52.5881126173097,19.724137931034484,300,959,928,15.6,1
671,tomo_e5a091,-1.0,-0.13333333333333333,-0.13793103448275862,500,960,928,16.8,0
672,tomo_e5ac94,161.0,64.13333333333333,47.172413793103445,300,960,928,13.1,1
673,tomo_e61cdf,149.0,37.10531803962461,52.0,300,959,928,15.6,1
674,tomo_e63ab4,157.0,55.333333333333336,36.55172413793103,300,960,928,13.1,1
675,tomo_e685b8,185.0,22.28988529718457,64.27586206896552,300,959,928,15.6,1
676,tomo_e6f7f7,180.0,73.06666666666666,36.82758620689655,300,960,928,13.1,2
677,tomo_e71210,189.0,69.46666666666667,62.48275862068965,300,960,928,15.6,1
678,tomo_e72e60,-1.0,-0.13333333333333333,-0.13793103448275862,300,960,928,13.1,0
679,tomo_e764a7,-1.0,-0.13333333333333333,-0.13793103448275862,500,960,928,16.8,0
680,tomo_e77217,-1.0,-0.13793103448275862,-0.13333333333333333,800,928,960,13.1,0
681,tomo_e7c195,-1.0,-0.13333333333333333,-0.13793103448275862,300,960,928,16.8,0
682,tomo_e81143,-1.0,-0.13333333333333333,-0.13793103448275862,300,960,928,15.6,0
683,tomo_e8db69,-1.0,-0.13333333333333333,-0.13793103448275862,300,960,928,16.8,0
684,tomo_e96200,-1.0,-0.13793103448275862,-0.13793103448275862,300,928,928,16.8,0
685,tomo_e9b7f2,-1.0,-0.13333333333333333,-0.13793103448275862,300,960,928,15.6,0
686,tomo_e9fa5f,-1.0,-0.13793103448275862,-0.13333333333333333,800,928,960,13.1,0
687,tomo_ea3f3a,197.0,54.0,68.9655172413793,300,960,928,16.8,1
688,tomo_eb26ee,-1.0,-0.125,-0.08888888888888889,500,1024,1440,13.3,0
689,tomo_eb4fd4,70.0,104.37539103232534,4.137931034482759,300,959,928,15.6,1
690,tomo_ec1314,153.0,78.2148070907195,118.34482758620689,300,959,928,15.6,1
691,tomo_ec607b,432.0,21.93103448275862,26.933333333333334,500,928,960,13.1,2
692,tomo_ec607b,466.0,63.172413793103445,40.13333333333333,500,928,960,13.1,2
693,tomo_ecbc12,-1.0,-0.13793103448275862,-0.13333333333333333,800,928,960,13.1,0
694,tomo_ed1c97,241.0,8.865800865800866,24.903765690376567,500,924,956,19.7,1
695,tomo_ede779,125.0,28.933333333333334,74.48275862068965,300,960,928,15.6,1
696,tomo_ef1a1a,-1.0,-0.13333333333333333,-0.13793103448275862,300,960,928,19.2,0
697,tomo_efe1f8,41.0,100.0,58.89655172413793,300,960,928,13.1,1
698,tomo_f07244,-1.0,-0.13793103448275862,-0.13333333333333333,800,928,960,13.1,0
699,tomo_f0adfc,175.0,73.33333333333333,92.55172413793103,300,960,928,13.1,1
700,tomo_f1bf2f,-1.0,-0.13793103448275862,-0.13333333333333333,800,928,960,13.1,0
701,tomo_f2fa4a,59.0,57.86666666666667,82.75862068965517,300,960,928,15.6,1
702,tomo_f36495,-1.0,-0.13793103448275862,-0.13333333333333333,800,928,960,13.1,0
703,tomo_f3e449,174.0,98.76955161626695,98.62068965517241,300,959,928,15.6,1
704,tomo_f427b3,166.0,36.30448383733055,90.20689655172414,300,959,928,15.6,1
705,tomo_f672c0,-1.0,-0.13793103448275862,-0.13793103448275862,800,928,928,13.1,0
706,tomo_f6a38a,227.0,32.41558441558441,116.61924686192468,500,924,956,19.7,4
707,tomo_f6a38a,241.0,30.89177489177489,113.67364016736401,500,924,956,19.7,4
708,tomo_f6a38a,269.0,18.83982683982684,52.88702928870293,500,924,956,19.7,4
709,tomo_f6a38a,245.0,17.73160173160173,50.34309623430962,500,924,956,19.7,4
710,tomo_f6de9b,-1.0,-0.13793103448275862,-0.13333333333333333,800,928,960,16.1,0
711,tomo_f71c16,-1.0,-0.13793103448275862,-0.13333333333333333,800,928,960,16.1,0
712,tomo_f76529,31.0,78.13333333333333,94.20689655172414,300,960,928,15.6,1
713,tomo_f78e91,95.0,62.53333333333333,53.37931034482759,300,960,928,13.1,1
714,tomo_f7f28b,-1.0,-0.13333333333333333,-0.13793103448275862,300,960,928,15.6,0
715,tomo_f82a15,-1.0,-0.13852813852813853,-0.13389121338912133,500,924,956,16.1,0
716,tomo_f871ad,157.0,85.6,15.862068965517242,300,960,928,13.1,1
717,tomo_f8b46e,123.0,100.41379310344827,48.55172413793103,300,928,928,13.1,1
718,tomo_f8b835,-1.0,-0.13793103448275862,-0.13333333333333333,800,928,960,13.1,0
719,tomo_f94504,-1.0,-0.13852813852813853,-0.13389121338912133,500,924,956,16.1,0
720,tomo_fa5d78,-1.0,-0.13793103448275862,-0.13333333333333333,800,928,960,13.1,0
721,tomo_fadbe2,97.0,63.86206896551724,58.62068965517241,300,928,928,13.1,1
722,tomo_fb08b5,106.0,89.5599582898853,77.10344827586206,300,959,928,15.6,1
723,tomo_fb6ce6,-1.0,-0.13793103448275862,-0.13793103448275862,800,928,928,13.2,0
724,tomo_fbb49b,-1.0,-0.13333333333333333,-0.13793103448275862,300,960,928,16.8,0
725,tomo_fc1665,-1.0,-0.13807982740021574,-0.1334723670490094,500,927,959,13.1,0
726,tomo_fc3c39,128.0,71.6,67.72413793103448,300,960,928,16.8,1
727,tomo_fc5ae4,24.0,68.4,43.172413793103445,300,960,928,13.1,1
728,tomo_fc90fd,-1.0,-0.06694560669456066,-0.06930157011369789,500,1912,1847,6.5,0
729,tomo_fd41c4,-1.0,-0.13793103448275862,-0.13793103448275862,300,928,928,16.8,0
730,tomo_fd5b38,184.0,69.33333333333333,86.48275862068965,300,960,928,16.8,1
731,tomo_fd9357,131.0,50.206896551724135,19.03448275862069,300,928,928,15.6,1
732,tomo_fe050c,138.0,17.885297184567257,74.75862068965517,300,959,928,15.6,1
733,tomo_fe85f6,-1.0,-0.13793103448275862,-0.13333333333333333,800,928,960,13.1,0
734,tomo_fea6e8,-1.0,-0.13333333333333333,-0.13793103448275862,300,960,928,16.8,0
735,tomo_ff505c,111.0,108.91345151199167,93.51724137931035,300,959,928,15.6,1
736,tomo_ff7c20,-1.0,-0.13793103448275862,-0.13333333333333333,800,928,960,13.1,0
